Team Number,ELO
frc1622,-1192.0
frc5500,-712.0
frc4607,-586.90906
frc2641,-584.0
frc4160,-568.0
frc4083,-520.0
frc3577,-488.0
frc2408,-488.0
frc4787,-456.0
frc6156,-424.0
frc4576,-421.40775
frc5809,-408.0
frc5905,-360.31683
frc2647,-344.0
frc4360,-296.0
frc2531,-296.0
frc4594,-282.9091
frc3067,-264.0
frc1810,-248.0
frc1633,-245.09091
frc2450,-232.0
frc3110,-216.0
frc5597,-202.90909
frc2594,-189.81818
frc4763,-184.0
frc4247,-184.0
frc4919,-168.0
frc6191,-168.0
frc3370,-152.0
frc4111,-149.09088
frc5852,-136.31683
frc5477,-136.0
frc1551,-136.00003
frc1378,-120.0
frc5344,-109.81818
frc5935,-104.0
frc2339,-104.0
frc5268,-104.0
frc2404,-88.0
frc2465,-88.0
frc4225,-88.0
frc1554,-72.0
frc5595,-72.0
frc6105,-72.0
frc4386,-56.0
frc5983,-56.0
frc5552,-56.0
frc2429,-40.0
frc5480,-40.0
frc5001,-40.0
frc4799,-40.0
frc3615,-24.0
frc5599,-24.0
frc5943,-10.909119
frc3350,-8.0
frc2204,8.0
frc5123,8.0
frc2709,8.0
frc5906,11.225952
frc5496,21.090881
frc4619,24.0
frc4735,24.0
frc6186,24.0
frc2477,24.0
frc3532,24.0
frc5005,24.0
frc4973,37.09091
frc5737,37.09091
frc2375,40.0
frc4019,40.0
frc4010,40.00003
frc5634,40.0
frc1803,40.0
frc6195,40.0
frc1802,40.0
frc6217,40.0
frc4023,53.09091
frc2461,56.0
frc2556,56.0
frc342,56.0
frc5984,56.0
frc3282,56.0
frc5461,56.0
frc5542,56.0
frc5999,56.0
frc1546,72.0
frc6010,72.0
frc5893,72.0
frc4645,72.0
frc4641,72.0
frc4786,72.0
frc5965,85.09088
frc6007,88.0
frc5758,88.0
frc3692,88.0
frc6058,88.0
frc2441,101.09088
frc766,104.0
frc2984,104.0
frc2872,104.0
frc2725,104.0
frc1708,104.0
frc4694,104.0
frc5070,104.0
frc5888,104.0
frc6682,104.0
frc3952,120.0
frc5283,120.0
frc5899,120.0
frc5118,120.0
frc2704,120.0
frc937,133.09091
frc4186,135.6831
frc3807,136.0
frc3838,136.0
frc4597,136.0
frc5071,136.0
frc4011,136.0
frc6176,136.0
frc3193,136.0
frc6646,136.0
frc2996,152.0
frc5512,152.0
frc5669,152.0
frc2136,152.0
frc5064,152.0
frc2496,152.0
frc3120,152.0
frc5705,152.0
frc3485,152.0
frc2004,152.0
frc3062,152.0
frc6127,167.6864
frc5959,168.0
frc6046,168.0
frc1649,178.18176
frc6184,184.0
frc2707,184.0
frc3417,184.0
frc4740,184.0
frc5785,197.09088
frc2854,200.0
frc1765,200.0
frc4529,200.0
frc5593,200.0
frc5541,200.0
frc4809,200.0
frc3100,200.0
frc1642,213.09091
frc2551,216.0
frc5432,216.0
frc5564,216.0
frc2874,216.0
frc6132,216.0
frc5991,216.0
frc2840,232.0
frc5849,232.0
frc1585,232.0
frc4152,232.0
frc5994,232.0
frc3048,232.0
frc1165,238.45184
frc3133,245.09088
frc4604,245.09088
frc5647,248.0
frc3961,248.0
frc806,248.0
frc6476,248.0
frc337,248.0
frc5020,248.0
frc1920,248.0
frc6160,248.0
frc4657,248.0
frc5720,248.0
frc4480,248.0
frc5306,250.90912
frc5924,264.0
frc4078,264.0
frc371,264.0
frc5800,264.0
frc5625,264.0
frc991,276.45404
frc4139,277.09088
frc5200,280.0
frc538,280.0
frc945,280.0
frc5870,280.0
frc6180,280.0
frc2187,290.18176
frc3187,296.0
frc2470,296.0
frc5857,296.0
frc3173,296.0
frc2603,296.0
frc3821,296.0
frc4074,296.0
frc2511,296.0
frc1716,296.0
frc6143,296.0
frc841,308.7741
frc352,309.09088
frc1290,312.0
frc1799,312.0
frc4024,312.0
frc4802,312.0
frc4847,312.0
frc3266,312.0
frc4364,312.0
frc5047,312.0
frc6045,312.0
frc3988,312.0
frc3081,325.09088
frc3966,328.0
frc5729,328.0
frc3298,328.0
frc4331,328.0
frc5550,328.0
frc4328,328.0
frc2525,328.0
frc6393,328.0
frc6535,328.0
frc5701,341.09088
frc5665,344.0
frc4707,344.0
frc3950,344.0
frc2346,344.0
frc5082,344.0
frc6181,344.0
frc6185,344.0
frc5621,344.0
frc5923,344.0
frc4632,344.0
frc3465,357.09088
frc4141,360.0
frc1759,360.0
frc5551,360.0
frc4739,360.0
frc1308,360.0
frc1334,360.0
frc1398,360.0
frc3291,360.0
frc6585,360.0
frc972,376.0
frc4999,376.0
frc5858,376.0
frc3233,376.0
frc3181,376.0
frc5189,376.0
frc1051,376.0
frc5892,376.0
frc4378,376.0
frc653,376.0
frc4268,376.0
frc581,392.0
frc5817,391.36633
frc4171,392.0
frc1977,392.0
frc6440,392.0
frc6718,392.0
frc4314,392.0
frc5968,392.0
frc3986,392.0
frc4524,392.0
frc4229,392.0
frc2847,392.0
frc6485,392.0
frc4156,394.5923
frc2039,405.0909
frc5630,405.09088
frc4096,405.09088
frc3785,408.0
frc801,407.68317
frc5317,408.0
frc5298,408.0
frc6605,408.0
frc4792,408.0
frc4600,408.0
frc4936,408.0
frc296,408.0
frc3379,408.0
frc6507,408.0
frc5143,408.0
frc4626,408.0
frc5626,408.0
frc6064,408.0
frc3562,410.9091
frc3374,421.09094
frc4013,424.0
frc1245,424.0
frc3993,424.0
frc1880,424.0
frc5932,424.0
frc6689,424.0
frc3721,424.0
frc5592,424.0
frc5832,424.0
frc6034,424.0
frc2358,424.0
frc5672,424.0
frc4933,424.0
frc5261,424.0
frc4348,424.0
frc4217,424.0
frc3367,424.0
frc4511,424.0
frc6038,424.0
frc4049,424.0
frc6373,424.0
frc3216,434.18176
frc4203,437.09088
frc5430,440.0
frc5717,440.0
frc4553,440.0
frc4068,440.0
frc1584,440.0
frc5474,440.0
frc3749,440.0
frc743,440.0
frc1450,440.0
frc5881,440.0
frc5601,440.0
frc4702,440.0
frc4968,440.0
frc6084,440.0
frc3356,440.0
frc2398,440.0
frc5566,440.0
frc3997,440.0
frc3028,440.0
frc2207,440.0
frc3745,440.0
frc5278,440.0
frc6663,440.0
frc5186,440.0
frc1723,447.27264
frc2161,453.09088
frc4746,456.0
frc6608,456.0
frc6612,456.0
frc1850,456.0
frc1847,456.0
frc3541,456.0
frc3591,456.0
frc2424,456.0
frc4166,456.0
frc3765,456.0
frc2825,456.0
frc6487,456.0
frc6164,469.09088
frc4920,469.09082
frc4255,472.0
frc5557,472.0
frc6449,472.0
frc5027,472.0
frc5428,472.0
frc3239,472.0
frc5929,472.0
frc5340,472.0
frc3300,472.0
frc6450,472.0
frc3969,472.0
frc4543,479.27264
frc1332,488.0
frc4517,488.0
frc6041,488.0
frc5041,488.0
frc2658,488.0
frc4263,488.0
frc988,488.0
frc5934,488.0
frc1827,488.0
frc6103,488.0
frc5960,488.0
frc4852,488.0
frc4717,488.0
frc6684,488.0
frc2472,488.0
frc2957,488.0
frc3202,488.0
frc6480,488.0
frc6412,488.0
frc6394,488.0
frc1743,488.0
frc5570,488.0
frc3161,488.0
frc1351,501.09088
frc6059,501.09088
frc5475,500.77408
frc3501,504.0
frc5059,504.0
frc5628,504.0
frc4230,504.0
frc2659,504.0
frc1537,504.0
frc4676,504.0
frc4902,504.0
frc4053,504.0
frc3753,504.0
frc4300,504.0
frc2721,504.0
frc1817,504.0
frc6419,504.0
frc4531,504.0
frc6473,504.0
frc3145,514.18176
frc5605,517.0909
frc1750,517.0909
frc3999,517.0909
frc4159,520.0
frc1661,520.0
frc2259,520.0
frc3200,520.0
frc5949,520.0
frc5877,520.0
frc1601,520.0
frc2869,520.0
frc5516,520.0
frc4788,520.0
frc6062,520.0
frc5773,520.0
frc4296,520.0
frc4979,520.0
frc3138,520.0
frc1249,520.0
frc4521,520.0
frc5418,520.0
frc1209,520.0
frc4610,520.0
frc3610,520.0
frc6621,520.0
frc7009,520.0
frc4633,522.9091
frc4643,533.0909
frc4175,532.77405
frc5933,533.0909
frc1583,536.0
frc6032,536.0
frc4123,536.0
frc3453,536.0
frc1751,536.0
frc4640,536.0
frc4856,536.0
frc73,536.0
frc5947,536.0
frc5821,536.0
frc4595,536.0
frc4179,536.0
frc2382,536.0
frc938,536.0
frc5637,536.0
frc5290,536.0
frc4804,536.0
frc4467,536.0
frc4615,536.0
frc6751,536.0
frc6703,536.0
frc5117,549.0909
frc4733,549.0909
frc5771,552.0
frc4496,552.0
frc6000,552.0
frc5485,552.0
frc5109,552.0
frc2905,552.0
frc4470,552.0
frc6522,552.0
frc4780,552.0
frc5077,552.0
frc6009,552.0
frc4582,552.0
frc2897,552.0
frc2855,552.0
frc4549,552.0
frc2654,552.0
frc6167,552.0
frc6219,552.0
frc3843,552.0
frc4943,552.0
frc1764,554.9091
frc5207,565.0909
frc2881,565.0909
frc5539,568.0
frc5493,568.0
frc6131,568.0
frc6228,568.0
frc5816,568.0
frc5616,568.0
frc6118,568.0
frc5678,568.0
frc1230,567.68317
frc6524,568.0
frc6770,568.0
frc2560,568.0
frc4923,568.0
frc5777,568.0
frc3454,568.0
frc4950,568.0
frc6940,568.0
frc4332,568.0
frc6308,568.0
frc2574,570.9091
frc2135,576.72736
frc3859,583.68317
frc5180,584.0
frc2972,584.0
frc6068,584.0
frc3164,584.0
frc4500,584.0
frc4801,584.0
frc6106,584.0
frc6351,584.0
frc5149,584.0
frc6218,584.0
frc6204,584.0
frc4614,584.0
frc3756,584.0
frc3163,584.0
frc3728,584.0
frc5159,584.0
frc6147,584.0
frc3975,584.0
frc3981,584.0
frc4952,584.0
frc6728,584.0
frc2395,597.0909
frc3633,596.77405
frc2977,597.0909
frc6174,600.0
frc108,599.68317
frc2945,600.0
frc6048,600.0
frc5875,600.0
frc4218,600.0
frc4336,600.0
frc3834,600.0
frc3700,600.0
frc6652,600.0
frc6614,600.0
frc4648,600.0
frc5275,600.0
frc6386,600.0
frc6693,600.0
frc865,613.0909
frc5655,616.0
frc5886,616.0
frc606,616.0
frc691,616.0
frc4490,616.0
frc5196,616.0
frc5452,616.0
frc3027,616.0
frc4383,616.0
frc6134,616.0
frc4685,616.0
frc3491,616.0
frc6520,616.0
frc6227,616.0
frc6472,616.0
frc6619,616.0
frc4292,616.0
frc5479,616.0
frc854,616.0
frc2585,616.0
frc4412,616.0
frc3251,616.0
frc6677,616.0
frc4671,616.0
frc6660,616.0
frc6414,616.0
frc5440,616.0
frc6541,616.0
frc6435,616.0
frc6468,616.0
frc6669,616.0
frc6609,616.0
frc6730,616.0
frc3352,619.2259
frc5410,629.0909
frc6036,632.3169
frc6158,632.0
frc3648,632.0
frc1303,632.0
frc6188,632.0
frc5308,632.0
frc4012,632.0
frc663,632.0
frc3878,632.0
frc5776,632.0
frc4284,632.0
frc3201,632.0
frc2227,632.0
frc5019,632.0
frc2545,632.0
frc5859,632.0
frc6685,632.0
frc7000,632.0
frc6655,632.0
frc3017,634.9091
frc2437,642.18176
frc2333,645.0909
frc846,648.0
frc5728,648.0
frc2797,648.31683
frc3861,648.0
frc5842,648.0
frc1293,648.0
frc6379,648.0
frc4114,648.0
frc6014,648.0
frc4299,648.0
frc6506,648.0
frc1700,648.0
frc6711,648.0
frc5836,648.0
frc3489,648.0
frc2198,648.0
frc5094,648.0
frc1317,648.0
frc4119,648.0
frc1815,648.0
frc5092,648.0
frc4748,648.0
frc2080,648.0
frc5820,648.0
frc5908,648.0
frc6430,648.0
frc3290,648.0
frc3297,648.0
frc3292,648.0
frc4260,648.0
frc2480,648.0
frc6707,648.0
frc6320,648.0
frc6746,648.0
frc2425,648.0
frc6764,648.0
frc6683,648.0
frc6948,648.0
frc996,650.9091
frc4125,655.27264
frc4335,661.0909
frc1339,664.0
frc668,664.0
frc4669,664.0
frc1422,664.0
frc5772,664.0
frc687,664.0
frc1539,664.0
frc6107,664.0
frc4418,664.0
frc5837,664.0
frc1266,664.0
frc3004,664.0
frc5590,664.0
frc5433,664.0
frc7130,664.0
frc5940,664.0
frc1737,664.0
frc4252,664.0
frc4732,664.0
frc6171,664.0
frc6640,664.0
frc2500,664.0
frc5003,664.0
frc7095,664.0
frc6636,664.0
frc6527,664.0
frc5519,664.0
frc5033,664.0
frc1518,677.0909
frc5076,677.0909
frc2478,680.0
frc2344,680.0
frc5558,680.0
frc6070,680.0
frc6402,680.31683
frc3008,680.0
frc6179,680.0
frc5350,680.0
frc6157,680.0
frc4232,680.0
frc4932,680.0
frc5130,680.0
frc3561,680.0
frc6586,680.0
frc6223,680.0
frc6624,680.0
frc6494,680.0
frc6765,680.0
frc4525,682.9091
frc5863,682.9091
frc4655,690.1818
frc4093,693.0909
frc1072,696.0
frc100,696.0
frc2813,696.0
frc1644,696.0
frc3729,696.0
frc704,696.0
frc6658,696.0
frc1591,696.0
frc1246,696.0
frc4800,696.0
frc6694,696.0
frc5750,696.0
frc3390,696.0
frc1091,696.0
frc6135,696.0
frc5297,696.0
frc6111,696.0
frc5241,696.0
frc6407,696.0
frc6702,696.0
frc4845,696.0
frc4693,696.0
frc2499,696.0
frc2239,696.0
frc3090,696.0
frc5096,696.0
frc6391,696.0
frc6574,696.0
frc6416,696.0
frc6366,696.0
frc6553,696.0
frc1388,701.8182
frc4823,706.18176
frc3470,709.0877
frc1739,709.0909
frc5145,712.0
frc3814,712.0
frc5178,712.0
frc5721,712.0
frc3410,712.0
frc4056,712.0
frc1493,712.0
frc5879,712.0
frc4400,712.0
frc6212,712.0
frc5476,712.0
frc2040,712.0
frc3710,712.0
frc919,712.0
frc5325,712.0
frc4076,712.0
frc3240,712.0
frc2966,712.0
frc6315,712.0
frc6488,712.0
frc1566,712.0
frc6400,712.0
frc6444,712.0
frc5299,712.0
frc2479,712.0
frc2513,712.0
frc3691,712.0
frc6382,712.0
frc6670,712.0
frc3955,712.0
frc3382,712.0
frc6540,712.0
frc6724,712.0
frc1157,722.18176
frc6178,725.0909
frc4985,728.0
frc2190,728.0
frc5412,728.0
frc3704,728.0
frc1515,728.0
frc2347,728.0
frc5964,728.0
frc6154,728.0
frc5988,728.0
frc1178,728.0
frc1994,728.0
frc6222,728.0
frc4069,728.0
frc4343,727.68317
frc6460,728.0
frc3606,728.0
frc3946,728.0
frc1561,728.0
frc4523,728.0
frc1792,728.0
frc6317,728.0
frc6697,728.0
frc6754,728.0
frc6719,728.0
frc7246,728.0
frc5483,728.0
frc114,730.9091
frc4241,730.5923
frc5722,744.0
frc967,744.0
frc3646,744.0
frc3204,744.0
frc3003,744.0
frc4782,744.0
frc2522,744.0
frc3695,744.0
frc5503,744.0
frc3840,744.0
frc6054,744.0
frc5952,744.0
frc3985,744.0
frc6722,744.0
frc4267,744.0
frc3651,744.0
frc7075,744.0
frc6408,744.0
frc6353,744.0
frc5763,749.8182
frc3045,751.27264
frc1828,754.18176
frc1108,753.8649
frc5134,760.0
frc4415,760.0
frc4562,760.0
frc6210,760.0
frc6525,760.0
frc3013,760.0
frc2978,760.0
frc3792,760.0
frc3705,760.0
frc6052,760.0
frc5971,760.0
frc5930,760.0
frc3305,760.0
frc4238,760.0
frc3839,760.0
frc6641,760.0
frc6960,760.0
frc3560,762.9091
frc5700,776.0
frc4964,776.0
frc5966,776.0
frc4924,776.0
frc4065,776.0
frc4901,776.0
frc5584,776.0
frc5515,776.0
frc5100,776.0
frc6499,776.0
frc2487,776.0
frc3760,776.0
frc6319,776.0
frc5484,776.0
frc5126,776.0
frc1075,776.0
frc3000,776.0
frc1248,776.0
frc5898,776.0
frc6321,776.0
frc2861,776.0
frc5914,776.0
frc6536,776.0
frc7141,776.0
frc5627,776.0
frc4491,776.0
frc6601,776.0
frc3976,776.0
frc6654,776.0
frc6355,776.0
frc6464,776.0
frc6364,776.0
frc3949,776.0
frc5242,786.18176
frc5411,786.18176
frc1212,788.77405
frc2844,789.0909
frc5997,789.0909
frc115,792.0
frc1160,792.0
frc4953,792.0
frc5872,792.0
frc87,792.0
frc2538,792.0
frc6708,792.0
frc6309,792.0
frc2634,792.31683
frc5667,792.0
frc6027,792.0
frc5864,792.0
frc3029,792.0
frc6095,792.0
frc6051,792.0
frc4696,792.0
frc5871,792.0
frc5974,792.0
frc6358,792.0
frc4244,792.0
frc4665,792.0
frc7311,792.0
frc6385,792.0
frc6365,792.0
frc4942,792.0
frc7263,792.0
frc7125,792.0
frc670,794.90906
frc6008,794.9091
frc2141,800.7273
frc2151,805.0909
frc4616,805.0908
frc5806,805.0909
frc3044,805.0909
frc6141,805.0909
frc4397,805.0909
frc2643,808.0
frc5102,808.0
frc364,807.68317
frc2830,808.0
frc5897,808.0
frc3486,808.0
frc2228,808.0
frc5831,808.0
frc5049,808.0
frc6657,808.0
frc5060,808.0
frc5147,808.0
frc2335,808.0
frc3117,808.0
frc2386,808.0
frc4903,808.0
frc3037,808.0
frc5894,808.0
frc6126,808.0
frc2993,808.0
frc6420,808.0
frc6593,808.0
frc6484,808.0
frc6459,808.0
frc7323,808.0
frc7042,808.0
frc6651,808.0
frc6840,808.0
frc6687,808.0
frc6462,808.0
frc7205,808.0
frc6380,808.0
frc6688,808.0
frc5953,810.9091
frc4153,820.77405
frc6220,821.0909
frc3482,824.31683
frc5101,824.0
frc5045,824.0
frc6163,824.0
frc5845,824.0
frc6198,824.0
frc1557,824.0
frc5025,824.0
frc6604,824.0
frc6305,824.0
frc5973,824.0
frc900,824.0
frc3055,824.0
frc6047,824.0
frc2989,824.0
frc5339,824.0
frc4239,824.0
frc3058,824.0
frc2232,824.0
frc6744,824.0
frc6952,824.0
frc6706,824.0
frc6806,824.0
frc6384,824.0
frc5052,824.0
frc6526,824.0
frc7321,824.0
frc7096,824.0
frc6873,824.0
frc3171,826.9091
frc4939,834.18176
frc2185,837.0909
frc5026,840.0
frc6039,840.0
frc848,840.0
frc5034,840.0
frc2485,840.0
frc354,840.3168
frc3526,840.0
frc6017,840.0
frc5419,840.0
frc4765,840.0
frc2838,840.0
frc2353,840.0
frc4992,840.0
frc4316,840.0
frc5866,840.0
frc5103,840.0
frc6155,840.0
frc2583,840.0
frc5783,840.0
frc6377,840.0
frc6457,840.0
frc6634,840.0
frc4687,840.0
frc2508,840.0
frc5451,840.0
frc4955,840.0
frc6743,840.0
frc5744,840.0
frc6302,840.0
frc6937,840.0
frc7238,840.0
frc6628,840.0
frc6369,840.0
frc7121,840.0
frc6936,840.0
frc5274,842.9129
frc4192,845.81824
frc3184,849.8651
frc3669,855.6831
frc2367,856.0
frc5465,856.0
frc5835,856.0
frc6001,856.0
frc4578,856.0
frc6769,856.0
frc5822,856.0
frc5596,856.0
frc5031,855.68317
frc695,856.0
frc4914,856.0
frc6162,856.0
frc1742,856.0
frc6028,856.0
frc4091,856.0
frc7301,856.0
frc7316,856.0
frc5653,856.0
frc4031,856.0
frc6686,856.0
frc6409,856.0
frc7194,856.0
frc7313,856.0
frc7027,856.0
frc6656,856.0
frc7184,856.0
frc6752,856.0
frc7119,856.0
frc7115,856.0
frc6140,856.0
frc6410,856.0
frc7308,856.0
frc7268,856.0
frc4731,866.1818
frc649,869.0908
frc3944,868.77405
frc5002,869.0909
frc6035,869.027
frc3679,869.0908
frc981,872.0
frc702,872.0
frc3468,872.0
frc1523,872.0
frc6232,872.0
frc6169,871.968
frc3953,872.0
frc5884,872.0
frc6200,872.0
frc4371,872.0
frc5326,872.0
frc4212,872.0
frc5013,872.0
frc1787,872.0
frc5611,872.0
frc3043,872.0
frc7260,872.0
frc3212,872.0
frc4277,872.0
frc6755,872.0
frc522,872.0
frc6463,872.0
frc6938,872.0
frc7324,872.0
frc5158,872.0
frc6238,872.0
frc3026,874.90906
frc1369,877.8182
frc4940,885.0909
frc6166,885.09094
frc852,888.0
frc3189,888.0
frc2083,888.0
frc5318,888.0
frc5243,888.0
frc4330,888.0
frc1382,888.0
frc5585,888.0
frc6083,888.0
frc5171,888.0
frc5918,888.0
frc2051,888.0
frc886,888.0
frc5409,888.0
frc4938,888.0
frc4921,888.0
frc5288,888.0
frc1927,888.0
frc2765,888.0
frc6235,888.0
frc5682,888.0
frc3545,888.0
frc6173,888.0
frc5445,888.0
frc6733,888.0
frc7288,888.0
frc6044,888.0
frc877,888.0
frc2549,888.0
frc3278,888.0
frc6467,888.0
frc6732,888.0
frc6991,888.0
frc6040,888.0
frc6648,888.0
frc6479,888.0
frc6482,888.0
frc6931,888.0
frc7006,888.0
frc6946,888.0
frc6563,888.0
frc3739,888.0
frc6962,888.0
frc1825,890.59235
frc1569,891.22595
frc3324,893.81824
frc4526,901.0909
frc3009,903.99365
frc5104,904.0
frc1967,904.0
frc1452,903.68317
frc980,904.0
frc442,904.0
frc4090,904.0
frc2077,904.0
frc6069,904.0
frc6692,904.0
frc6676,904.0
frc6436,904.0
frc6432,904.0
frc2022,904.0
frc4191,904.0
frc5580,904.0
frc4015,904.0
frc1547,904.0
frc5739,904.0
frc2582,904.0
frc5681,904.0
frc1164,904.0
frc5913,904.0
frc3754,904.0
frc4762,904.0
frc2606,904.0
frc3734,904.0
frc3381,904.0
frc6999,904.0
frc6398,904.0
frc3851,904.0
frc7214,904.0
frc6906,904.0
frc4764,904.0
frc6673,904.0
frc6804,904.0
frc7102,904.0
frc6983,904.0
frc6965,904.0
frc6814,904.0
frc5312,906.90906
frc3750,917.09094
frc1360,917.0909
frc2657,920.0
frc1138,920.0
frc3397,920.0
frc2027,920.0
frc4519,919.36633
frc3480,920.0
frc6050,920.0
frc6510,920.0
frc7023,920.0
frc1982,920.0
frc4704,920.0
frc3504,920.0
frc3498,920.0
frc5307,920.0
frc3676,920.0
frc4155,920.0
frc6363,920.0
frc4219,920.0
frc6306,920.0
frc3405,920.0
frc6647,920.0
frc6923,920.0
frc7066,920.0
frc6056,920.0
frc4741,920.0
frc6819,920.0
frc2827,920.0
frc5095,920.0
frc7033,920.0
frc6850,920.0
frc3984,920.0
frc5423,920.0
frc7030,920.0
frc7185,920.0
frc6904,920.0
frc6645,920.0
frc7091,920.0
frc6981,920.0
frc271,922.9092
frc5153,936.0
frc4991,936.0
frc216,936.0
frc6406,935.68317
frc171,936.0
frc5814,936.0
frc6607,936.0
frc1329,936.0
frc1038,936.0
frc1984,936.0
frc5426,936.0
frc4107,936.0
frc4298,936.0
frc3335,936.0
frc4295,936.0
frc6547,936.0
frc4570,936.0
frc4598,936.0
frc6483,936.0
frc5253,936.0
frc4663,936.0
frc3751,936.0
frc5586,936.0
frc3957,936.0
frc4957,936.0
frc6870,936.0
frc4630,936.0
frc7017,936.0
frc5032,936.0
frc2702,936.0
frc7165,936.0
frc6916,936.0
frc7317,936.0
frc4716,949.0908
frc1902,952.0
frc1972,952.0
frc2543,952.0
frc6447,952.0
frc6996,952.0
frc2504,952.0
frc4805,952.0
frc4301,952.0
frc6855,952.0
frc2515,952.0
frc6381,952.0
frc6356,952.0
frc6376,952.0
frc5444,952.0
frc6911,952.0
frc7031,952.0
frc2710,952.0
frc6922,952.0
frc7025,952.0
frc7237,952.0
frc7106,952.0
frc6403,952.0
frc6979,952.0
frc6926,952.0
frc6704,952.0
frc7036,952.0
frc6237,965.09094
frc3054,965.09094
frc692,968.0
frc5869,968.0
frc5276,968.0
frc5646,968.0
frc5078,967.968
frc6123,968.0
frc1797,968.0
frc4262,968.0
frc6998,968.0
frc5492,968.0
frc5730,968.0
frc4617,968.0
frc5811,968.0
frc4978,968.0
frc5986,968.0
frc2882,968.0
frc6196,968.0
frc6492,968.0
frc2177,968.0
frc2491,968.0
frc3007,968.0
frc4583,968.0
frc7080,968.0
frc4027,968.0
frc7251,968.0
frc3387,968.0
frc6868,968.0
frc7065,968.0
frc7193,968.0
frc7327,968.0
frc6967,968.0
frc7055,968.0
frc6918,968.0
frc6822,968.0
frc358,970.90906
frc4533,973.8181
frc4711,975.27264
frc4625,976.75934
frc2348,978.1819
frc2457,981.09094
frc3319,984.0
frc4721,984.0
frc2809,984.0
frc3510,984.0
frc4098,984.0
frc4907,984.0
frc5749,984.0
frc1676,984.0
frc4007,984.0
frc2221,984.0
frc1448,984.0
frc2986,984.0
frc4734,984.0
frc5754,984.0
frc4585,984.0
frc4986,984.0
frc4728,984.0
frc4859,984.0
frc4226,984.0
frc3244,984.0
frc3036,984.0
frc2518,984.0
frc7309,984.0
frc6766,984.0
frc4306,984.0
frc7326,984.0
frc6748,984.0
frc6871,984.0
frc6915,984.0
frc7057,984.0
frc7272,984.0
frc7278,984.0
frc7137,984.0
frc884,986.9091
frc4458,989.81824
frc6221,996.7742
frc3019,997.09094
frc2662,997.09094
frc3061,997.09094
frc4018,1000.0
frc3556,1000.3168
frc4575,1000.0
frc4471,1000.0
frc5573,1000.0
frc4723,1000.0
frc4842,1000.0
frc5125,1000.0
frc3868,1000.0
frc5176,1000.0
frc3543,1000.0
frc4248,1000.0
frc5408,1000.0
frc4353,1000.0
frc3243,1000.0
frc2078,1000.0
frc3871,1000.0
frc2532,1000.0
frc5903,1000.0
frc6749,1000.0
frc6889,1000.0
frc6643,1000.0
frc6383,1000.0
frc7201,1000.0
frc2914,1000.0
frc7111,1000.0
frc6934,1000.0
frc7157,1000.0
frc6874,1000.0
frc6474,1000.0
frc6964,1000.0
frc6644,1000.0
frc1458,1005.81824
frc5439,1010.1819
frc2918,1013.09094
frc2167,1013.0908
frc5107,1016.0
frc4020,1016.0
frc2773,1016.0
frc4240,1016.0
frc1438,1016.0
frc3341,1016.0
frc4528,1016.0
frc5421,1016.0
frc4917,1016.0
frc5885,1016.0
frc6130,1016.0
frc2354,1016.0
frc3152,1016.0
frc4639,1016.0
frc7275,1016.0
frc7331,1016.0
frc3294,1016.0
frc2529,1016.0
frc6359,1016.0
frc6362,1016.0
frc6360,1016.0
frc5179,1016.0
frc6892,1016.0
frc7072,1016.0
frc3259,1016.0
frc7059,1016.0
frc6955,1016.0
frc7303,1016.0
frc6901,1016.0
frc7229,1016.0
frc6988,1016.0
frc6820,1016.0
frc343,1018.90906
frc4497,1018.9092
frc5039,1018.9091
frc5168,1018.9092
frc3354,1026.1818
frc4818,1029.0908
frc3257,1032.0
frc1280,1032.0
frc2489,1032.0
frc2815,1032.0
frc1466,1032.0
frc4944,1032.0
frc5568,1032.0
frc6145,1032.0
frc6231,1032.0
frc6165,1032.0
frc4161,1032.0
frc871,1032.0
frc5946,1032.0
frc6575,1032.0
frc6836,1032.0
frc6650,1032.0
frc1285,1032.0
frc4783,1031.6832
frc2632,1032.0
frc5689,1032.0
frc2950,1032.0
frc5578,1032.0
frc1745,1032.0
frc5416,1032.0
frc2789,1032.0
frc6727,1032.0
frc4310,1032.0
frc7094,1032.0
frc2879,1032.0
frc5271,1032.0
frc5996,1032.0
frc6950,1032.0
frc6758,1032.0
frc6515,1032.0
frc6491,1032.0
frc6517,1032.0
frc6833,1032.0
frc6801,1032.0
frc6701,1032.0
frc7277,1032.0
frc3612,1045.091
frc5808,1048.0
frc5136,1047.6831
frc5285,1048.0
frc2261,1048.0
frc2152,1048.0
frc5015,1048.0
frc5810,1048.0
frc1468,1048.0
frc1396,1048.0
frc3157,1048.0
frc2706,1048.0
frc6024,1048.0
frc6662,1048.0
frc1939,1048.0
frc4209,1048.0
frc5212,1048.0
frc5093,1048.0
frc4656,1048.0
frc6371,1048.0
frc6433,1048.0
frc4283,1048.0
frc6401,1048.0
frc6422,1048.0
frc6626,1048.0
frc6968,1048.0
frc7149,1048.0
frc6357,1048.0
frc5787,1048.0
frc2341,1050.909
frc5133,1053.8184
frc4567,1058.1819
frc295,1064.0
frc2916,1064.0
frc5522,1064.0
frc601,1064.0
frc6590,1063.6832
frc3522,1064.0
frc1785,1064.0
frc5024,1064.0
frc5883,1064.0
frc4688,1064.0
frc1860,1064.0
frc5838,1064.0
frc2969,1064.0
frc3289,1064.0
frc6546,1064.0
frc6680,1064.0
frc7148,1064.0
frc7123,1064.0
frc5882,1064.0
frc7122,1064.0
frc6490,1064.0
frc4361,1064.0
frc6322,1064.0
frc6404,1064.0
frc5508,1064.0
frc7230,1064.0
frc7047,1064.0
frc6841,1064.0
frc7043,1064.0
frc6109,1067.2258
frc3337,1066.909
frc6072,1066.9092
frc5141,1077.0908
frc5613,1080.0
frc5089,1079.6193
frc4073,1080.0
frc5725,1080.0
frc648,1080.0
frc6415,1080.0
frc3794,1080.0
frc2896,1080.0
frc3330,1080.0
frc2001,1080.0
frc1763,1080.0
frc5589,1080.0
frc4115,1080.0
frc4269,1080.0
frc5912,1080.0
frc2795,1080.0
frc6448,1080.0
frc4181,1080.0
frc4215,1080.0
frc6375,1080.0
frc7026,1080.0
frc6823,1080.0
frc7120,1080.0
frc5631,1080.0
frc5348,1093.091
frc4990,1096.0
frc1744,1096.0
frc5753,1096.0
frc5536,1096.0
frc1600,1096.0
frc6229,1096.0
frc5824,1096.0
frc2853,1096.0
frc6665,1096.0
frc1781,1096.0
frc1985,1096.0
frc6125,1096.0
frc5740,1096.0
frc5911,1096.0
frc4075,1096.0
frc1255,1096.0
frc6717,1096.0
frc6562,1096.0
frc5148,1096.0
frc2143,1096.0
frc3299,1096.0
frc7142,1096.0
frc6421,1096.0
frc6803,1096.0
frc6392,1096.0
frc6441,1096.0
frc3844,1096.0
frc5058,1096.0
frc4972,1096.0
frc7322,1096.0
frc6951,1096.0
frc6700,1096.0
frc6519,1096.0
frc3513,1098.9092
frc3527,1102.135
frc4951,1109.091
frc5548,1109.091
frc1868,1112.0
frc2473,1112.3169
frc1148,1112.0
frc5454,1112.0
frc3627,1112.0
frc4122,1112.0
frc6523,1112.0
frc5324,1112.0
frc4308,1112.0
frc6489,1112.0
frc3740,1112.0
frc6453,1112.0
frc4150,1112.0
frc3139,1112.0
frc6372,1112.0
frc6941,1112.0
frc6671,1112.0
frc7319,1112.0
frc2852,1114.909
frc1102,1122.1819
frc3800,1125.091
frc3242,1128.0
frc4352,1128.0
frc3502,1128.0
frc5659,1128.0
frc6361,1128.0
frc5429,1128.0
frc6063,1128.0
frc2090,1128.0
frc5036,1128.0
frc4243,1128.0
frc2165,1128.0
frc3660,1128.0
frc5639,1128.0
frc2484,1128.0
frc2501,1128.0
frc2129,1128.0
frc6388,1128.0
frc6768,1128.0
frc3355,1138.1819
frc3495,1141.0908
frc810,1141.091
frc771,1141.091
frc4054,1141.091
frc3759,1144.0
frc5657,1144.0
frc4481,1144.0
frc2579,1144.0
frc5807,1143.3665
frc4775,1144.0
frc6348,1144.0
frc5648,1144.0
frc6509,1144.0
frc1590,1144.0
frc4265,1144.0
frc5889,1144.0
frc6146,1144.0
frc3197,1144.0
frc4207,1144.0
frc6399,1144.0
frc2544,1144.0
frc6674,1144.0
frc7051,1144.0
frc3881,1144.0
frc5333,1146.9731
frc4718,1146.9092
frc5057,1147.226
frc1665,1157.0908
frc3011,1160.0
frc2036,1160.0
frc6458,1160.0
frc3053,1160.0
frc4571,1160.0
frc6434,1160.0
frc4601,1160.0
frc4611,1160.0
frc5680,1160.0
frc6455,1160.0
frc5851,1176.0
frc2388,1176.0
frc4622,1176.0
frc4064,1176.0
frc5329,1176.0
frc6187,1176.0
frc4634,1176.0
frc6560,1176.0
frc4817,1176.0
frc1777,1176.0
frc2016,1176.0
frc2399,1176.0
frc3492,1176.0
frc5921,1176.0
frc2626,1176.0
frc5063,1176.0
frc2373,1176.0
frc3345,1176.0
frc6898,1176.0
frc5638,1176.0
frc6413,1176.0
frc7179,1176.0
frc2973,1178.909
frc3135,1189.091
frc537,1192.0
frc3932,1192.0
frc6061,1192.0
frc4738,1192.0
frc5955,1192.0
frc5696,1192.0
frc6018,1192.0
frc4121,1192.0
frc4154,1192.0
frc3755,1192.0
frc3056,1192.0
frc3723,1192.0
frc4778,1192.0
frc6659,1192.0
frc6695,1192.0
frc3386,1192.0
frc1923,1192.0
frc6423,1192.0
frc6396,1192.0
frc6602,1192.0
frc5232,1200.7273
frc5472,1202.1819
frc1891,1204.7742
frc698,1208.0
frc599,1208.0
frc5540,1208.0
frc4079,1208.0
frc5765,1208.0
frc5202,1208.0
frc6354,1208.0
frc6699,1208.0
frc3488,1208.0
frc4187,1208.0
frc1710,1208.0
frc4814,1208.0
frc6202,1208.0
frc4504,1208.0
frc5775,1208.0
frc6664,1208.0
frc6424,1208.0
frc4182,1208.0
frc5658,1208.0
frc3122,1208.0
frc6318,1208.0
frc6431,1208.0
frc283,1224.0
frc1818,1224.0
frc229,1224.0
frc2444,1224.0
frc2345,1224.0
frc3741,1224.0
frc3035,1224.0
frc3225,1224.0
frc3006,1224.0
frc3848,1224.0
frc4664,1224.0
frc6374,1224.0
frc2656,1224.0
frc4264,1224.0
frc5571,1224.0
frc6352,1224.0
frc6518,1224.0
frc3321,1224.0
frc3853,1226.874
frc1706,1229.8181
frc1208,1232.7272
frc4118,1234.1819
frc4213,1237.0908
frc5993,1240.0
frc250,1240.0
frc5583,1240.0
frc2357,1240.0
frc3010,1240.0
frc6110,1240.0
frc2234,1240.0
frc3666,1240.0
frc5427,1240.0
frc5998,1240.0
frc4623,1240.0
frc2181,1240.0
frc2530,1240.0
frc6622,1240.0
frc2584,1240.0
frc6055,1243.2258
frc6170,1245.8181
frc1726,1253.091
frc2781,1253.091
frc5431,1252.7742
frc5507,1256.0
frc968,1256.0
frc4729,1256.0
frc4014,1256.0
frc3137,1256.0
frc1660,1256.0
frc6429,1256.0
frc4356,1256.0
frc4618,1256.0
frc5834,1256.0
frc5443,1256.0
frc3996,1256.0
frc3457,1256.0
frc1306,1256.0
frc4050,1256.0
frc5458,1258.909
frc3933,1258.909
frc6390,1261.8181
frc2705,1269.0908
frc597,1272.0
frc5499,1272.0
frc1872,1272.0
frc2638,1272.0
frc3882,1272.0
frc2895,1272.0
frc3314,1272.0
frc6144,1272.0
frc5414,1272.0
frc5826,1272.0
frc7021,1272.0
frc6175,1277.8181
frc746,1285.059
frc269,1288.0
frc1251,1288.0
frc6183,1288.0
frc4476,1288.0
frc930,1288.0
frc3023,1288.0
frc4506,1288.0
frc5865,1288.0
frc6300,1288.0
frc7074,1288.0
frc2761,1290.909
frc5910,1298.1819
frc4773,1304.0
frc6606,1304.0
frc4404,1304.0
frc2172,1304.0
frc6022,1304.0
frc3134,1304.0
frc3407,1304.0
frc4145,1309.8181
frc5510,1320.0
frc3295,1320.0
frc3954,1320.0
frc5805,1320.0
frc4006,1320.0
frc4584,1320.0
frc5876,1320.0
frc4462,1320.0
frc3926,1320.0
frc4674,1320.0
frc2498,1320.0
frc5976,1320.0
frc6630,1320.0
frc6439,1320.0
frc2158,1322.909
frc4355,1322.909
frc4593,1330.1819
frc6418,1336.0
frc931,1336.0
frc2202,1336.0
frc4085,1336.0
frc3484,1336.0
frc5699,1336.0
frc3103,1336.0
frc1714,1336.0
frc3206,1336.0
frc3511,1336.0
frc1410,1338.9154
frc3245,1338.909
frc4698,1352.0
frc256,1352.0
frc5514,1352.0
frc4270,1352.0
frc3777,1352.0
frc5146,1352.0
frc5327,1352.0
frc3038,1352.0
frc4256,1362.1819
frc4206,1365.091
frc3160,1368.0
frc4537,1368.0
frc6060,1368.0
frc3247,1368.0
frc3179,1368.0
frc3241,1368.0
frc6666,1368.0
frc2856,1368.0
frc4455,1374.4518
frc1816,1380.7742
frc4293,1384.0
frc3018,1384.0
frc2839,1384.0
frc1884,1384.0
frc5874,1384.0
frc1769,1384.0
frc3571,1384.0
frc4965,1384.0
frc6542,1384.0
frc2225,1384.0
frc3596,1384.0
frc2506,1384.0
frc6304,1384.0
frc4947,1384.0
frc3620,1384.0
frc3928,1386.909
frc288,1391.2728
frc6225,1400.0
frc1159,1400.0
frc5891,1400.0
frc353,1400.0
frc3951,1400.0
frc2183,1400.0
frc5981,1400.0
frc2805,1400.0
frc6411,1400.0
frc4198,1400.0
frc6720,1400.0
frc6668,1400.0
frc6679,1400.0
frc2340,1402.909
frc4146,1406.8036
frc1405,1405.8182
frc5606,1416.0
frc6199,1416.0
frc1553,1416.0
frc4976,1416.0
frc2667,1416.0
frc3418,1416.0
frc812,1423.2728
frc4329,1429.091
frc751,1432.0
frc4913,1432.0
frc5240,1432.0
frc5453,1437.8181
frc2601,1445.091
frc1319,1445.091
frc4005,1448.0
frc2445,1448.0
frc3647,1448.0
frc199,1448.0
frc1094,1448.0
frc1288,1448.0
frc4550,1450.909
frc5726,1450.909
frc5887,1454.956
frc4499,1464.3104
frc1635,1464.0
frc5236,1464.0
frc5948,1464.0
frc4246,1464.0
frc2264,1464.0
frc6709,1464.0
frc195,1464.0
frc6554,1464.0
frc3211,1469.8181
frc5417,1476.7742
frc5489,1479.6832
frc5209,1480.0
frc6508,1480.0
frc2200,1480.0
frc2613,1480.0
frc2723,1480.0
frc3275,1480.0
frc2935,1489.3927
frc2130,1495.968
frc4603,1496.0
frc4946,1496.0
frc5829,1496.0
frc2587,1496.0
frc1983,1496.0
frc1056,1504.7272
frc932,1509.091
frc4388,1511.9968
frc3544,1512.0
frc910,1512.0
frc5022,1512.0
frc3533,1517.8181
frc2010,1525.091
frc5331,1528.0
frc4501,1528.0
frc3616,1528.0
frc2826,1530.909
frc3593,1533.8181
frc3267,1538.1819
frc2410,1541.091
frc3743,1541.091
frc2164,1544.0
frc5823,1544.0
frc5406,1544.0
frc3293,1544.0
frc3313,1544.0
frc4508,1546.909
frc5087,1546.973
frc2493,1556.7742
frc4322,1560.0
frc4188,1559.6832
frc5931,1562.909
frc3408,1570.1819
frc3481,1570.1819
frc935,1572.7742
frc4624,1573.091
frc4201,1576.0
frc1559,1576.0
frc4021,1576.0
frc4678,1576.0
frc2609,1589.091
frc2846,1589.091
frc3883,1592.0
frc4401,1592.0
frc2439,1592.0
frc781,1592.0
frc1444,1592.0
frc3276,1592.0
frc5119,1594.909
frc5137,1600.7272
frc1796,1602.1819
frc3931,1605.091
frc4135,1608.0
frc1662,1608.0
frc156,1608.0
frc3630,1608.0
frc6613,1608.0
frc5016,1613.8181
frc868,1618.1819
frc2526,1618.1819
frc1421,1621.091
frc3507,1621.091
frc4931,1624.0
frc772,1624.0
frc4174,1624.0
frc5434,1624.0
frc3166,1626.909
frc2169,1637.091
frc3042,1640.0
frc6530,1640.0
frc5099,1645.8181
frc2283,1646.956
frc6082,1650.1819
frc2443,1653.091
frc3472,1656.0
frc2393,1656.0
frc1287,1656.0
frc3735,1658.9092
frc2240,1661.8181
frc2220,1669.4077
frc4565,1672.0
frc1912,1672.0
frc4547,1672.0
frc3473,1672.0
frc3802,1672.0
frc5855,1672.0
frc3140,1674.909
frc1156,1674.909
frc5442,1674.909
frc1658,1688.0
frc4774,1688.0
frc5098,1688.0
frc3991,1688.0
frc6025,1688.0
frc2509,1688.0
frc2265,1704.0
frc2081,1704.0
frc4635,1704.0
frc1014,1704.0
frc3172,1704.0
frc4646,1706.909
frc3624,1706.909
frc2449,1717.091
frc1155,1717.0908
frc867,1720.0
frc3288,1720.0
frc1325,1719.3665
frc5449,1720.0
frc6672,1720.0
frc1492,1733.0973
frc5801,1733.091
frc3328,1736.0
frc6417,1736.0
frc369,1736.0
frc6133,1736.0
frc5464,1736.0
frc5663,1738.973
frc3925,1752.0
frc5012,1752.3168
frc3863,1751.6193
frc3128,1752.0
frc3550,1752.0
frc3260,1752.0
frc6026,1752.0
frc3880,1754.9092
frc1756,1757.5013
frc4841,1770.9092
frc4904,1784.0
frc3256,1799.6832
frc5576,1800.0
frc2875,1800.0
frc3366,1800.0
frc2503,1800.0
frc1023,1800.0
frc870,1813.091
frc2102,1816.0
frc2576,1816.0
frc5690,1816.0
frc3799,1816.0
frc2144,1818.9122
frc2175,1829.091
frc1758,1832.0
frc5199,1832.0
frc2053,1832.0
frc2035,1842.1819
frc5716,1842.1819
frc1305,1845.091
frc5818,1848.0
frc4769,1864.0
frc1592,1864.0
frc706,1864.0
frc4984,1872.7272
frc5736,1874.1819
frc5847,1877.091
frc3970,1880.6335
frc2823,1880.0
frc5677,1892.4574
frc2252,1896.0
frc4087,1904.7272
frc2502,1904.7272
frc5819,1906.1819
frc5526,1912.0
frc6579,1912.0
frc1997,1912.0
frc2590,1928.0
frc5781,1928.0
frc1259,1928.0
frc5572,1928.0
frc5553,1928.0
frc245,1938.1819
frc4930,1938.1819
frc4959,1944.0
frc2383,1947.2261
frc3082,1946.909
frc3965,1957.091
frc3250,1975.3665
frc696,1976.0
frc2438,1976.0
frc3490,1992.3168
frc2352,1994.909
frc662,2008.0
frc2062,2008.0
frc5006,2010.909
frc1836,2010.909
frc1671,2018.4948
frc2085,2021.4077
frc1507,2024.0
frc3102,2037.091
frc1675,2056.0
frc2783,2061.8184
frc604,2066.178
frc5528,2072.0
frc6314,2088.0
frc1775,2117.7246
frc60,2120.0
frc125,2136.9502
frc5124,2138.9092
frc2338,2138.5923
frc5618,2141.818
frc3512,2152.0
frc5839,2152.0
frc842,2154.2754
frc1114,2173.85
frc1572,2178.182
frc2992,2178.182
frc4522,2183.683
frc4486,2189.818
frc5437,2197.0908
frc4001,2202.9092
frc3653,2232.0
frc2194,2234.9092
frc3959,2245.0908
frc294,2263.683
frc5802,2264.3806
frc5413,2264.0
frc2987,2274.182
frc2359,2280.0
frc701,2282.9092
frc1310,2286.4517
frc4539,2296.0
frc1732,2312.0
frc111,2314.5923
frc2512,2314.9092
frc694,2328.0
frc1772,2328.0
frc2403,2331.5427
frc2791,2330.9092
frc3360,2338.182
frc287,2344.0
frc4039,2344.0
frc192,2346.2751
frc744,2359.683
frc5030,2360.0
frc79,2368.7275
frc1296,2371.6365
frc4592,2376.0
frc5985,2376.0
frc3683,2394.9092
frc3528,2410.9092
frc1065,2434.182
frc2073,2451.6367
frc3847,2453.0908
frc3476,2469.0908
frc399,2471.6191
frc3039,2474.5923
frc498,2488.9502
frc1736,2506.9092
frc3277,2536.0
frc4276,2552.0
frc231,2570.9092
frc1876,2573.8184
frc4627,2573.818
frc1730,2607.2725
frc1126,2629.0908
frc3021,2632.0
frc1511,2632.0
frc4028,2637.8184
frc3937,2650.5923
frc3284,2661.0908
frc1987,2660.774
frc5254,2712.0
frc2013,2733.8503
frc624,2767.2725
frc1197,2776.317
frc2614,2824.0
frc1323,2868.4534
frc3255,2872.0
frc4536,2878.1353
frc368,2883.6362
frc1538,2891.2612
frc3015,2906.9092
frc4183,2925.5364
frc2486,2938.9155
frc4403,2942.1353
frc4009,2963.9536
frc2883,2973.8184
frc4143,3021.818
frc1625,3066.9092
frc4451,3079.683
frc876,3083.2258
frc5250,3184.7275
frc4253,3224.0
frc3824,3229.818
frc2056,3253.3757
frc2052,3304.0
frc3230,3306.9092
frc3419,3322.9092
frc2637,3525.4717
frc3990,3533.8184
frc4063,3542.546
frc1011,3556.457
frc2848,3579.226
frc4587,3597.818
frc3309,3605.4717
frc2451,3691.226
frc973,3696.7275
frc233,3696.7275
frc1806,3738.5923
frc3005,3834.9092
frc1241,3844.3022
frc3158,3870.1353
frc1482,3934.1353
frc3478,3985.548
frc5172,4026.9092
frc3303,4072.317
frc1477,4114.1816
frc3132,4130.1177
frc2468,4176.6924
frc179,4242.1816
frc971,4330.913
frc3130,4392.317
frc4334,4764.3965
frc180,4968.0
frc3598,4998.546
frc2481,5115.226
frc2122,5148.177
frc3310,5211.226
frc987,5259.191
frc1986,5390.452
frc254,5512.634
frc118,5691.511
frc4613,6508.616
frc1619,7323.5396
frc1678,7454.4565
